{
    "run": 2,
    "HV": 0.9398536042624867,
    "IGD": 0.018755044420218935,
    "F": [
        [
            0.6493776322100714,
            0.008828995358913965
        ],
        [
            0.868603036330904,
            0.004090516084791747
        ],
        [
            0.5176349715324682,
            0.020118660743567576
        ],
        [
            0.017980771426989943,
            0.9677767508422528
        ],
        [
            0.7053941285420822,
            0.006783737316518092
        ],
        [
            0.5888658401352987,
            0.014881010057342754
        ],
        [
            0.21922540412083216,
            0.035731393418999634
        ],
        [
            0.6061548060012181,
            0.011295566123053378
        ],
        [
            0.532157538242217,
            0.01765799071782793
        ],
        [
            0.8993774778810505,
            0.0022919710205420232
        ],
        [
            0.06535299059807025,
            0.12896023399222842
        ],
        [
            0.5639694823619414,
            0.014933060781332299
        ],
        [
            0.283195195140817,
            0.026902398060085667
        ],
        [
            0.05636239911254641,
            0.19453405285073988
        ],
        [
            0.5463348194875165,
            0.015612732675432058
        ],
        [
            0.40594747010492555,
            0.02216391878596345
        ],
        [
            0.7410095628434974,
            0.005877414954831401
        ],
        [
            0.10511761208968325,
            0.0626337914790853
        ],
        [
            0.04633471660150211,
            0.20000397523429037
        ],
        [
            0.03941913025513508,
            0.20810152748377608
        ],
        [
            0.03250374968079616,
            0.27221410611887936
        ],
        [
            0.1891423565876993,
            0.037776651461395507
        ],
        [
            0.27455050643582923,
            0.030992914144877412
        ],
        [
            0.274896203444336,
            0.02894765610248154
        ],
        [
            0.06535278482604098,
            0.1485149704838854
        ],
        [
            0.07192267416390234,
            0.11995663888971707
        ],
        [
            0.16874129455710385,
            0.0445603887779136
        ],
        [
            0.075725958573564,
            0.08586108543772299
        ],
        [
            0.032503338136738794,
            0.3363266847539827
        ],
        [
            0.31708152708361154,
            0.02420917682835932
        ],
        [
            0.06535299059807025,
            0.12896023399222842
        ],
        [
            0.1331260660277167,
            0.05380479612017133
        ],
        [
            0.10753810846531761,
            0.06058853343668943
        ]
    ]
}